target_id,concept,estimand_role,evidence_status,geography,population,reference_period,subgroup,value,unit,lower_ci,upper_ci,source_id,source_file,source_locator,transformation,runtime_mapping,limitations
"population_18_64_total","population_count","CALIBRATION","QUANTIFIED","United Kingdom","usual residents aged 18-64","2024-06-30","all","41860587","persons","","","ons_population_mid_2024","calibration_evidence_by_point/04_population/ons_mid_2024_population_estimates.xlsx","MYE2 - Persons!A8:CQ9; UK single-year ages 18-64","sum published single-year counts","not_connected:population_projection","No cell-level sampling interval is supplied; the release was published in 2025."
"population_18_64_female","population_count","CALIBRATION","QUANTIFIED","United Kingdom","usual residents aged 18-64","2024-06-30","female","21279181","persons","","","ons_population_mid_2024","calibration_evidence_by_point/04_population/ons_mid_2024_population_estimates.xlsx","MYE2 - Females!A8:CQ9; UK single-year ages 18-64","sum published single-year counts","not_connected:sex_unsupported_in_PlayerTable","Sex is not represented by the current runtime player table."
"population_18_64_male","population_count","CALIBRATION","QUANTIFIED","United Kingdom","usual residents aged 18-64","2024-06-30","male","20581406","persons","","","ons_population_mid_2024","calibration_evidence_by_point/04_population/ons_mid_2024_population_estimates.xlsx","MYE2 - Males!A8:CQ9; UK single-year ages 18-64","sum published single-year counts","not_connected:sex_unsupported_in_PlayerTable","The source publishes female and male categories only; sex is not represented by the current runtime player table."
"time_sleeping_mean_march_2024","sleeping_minutes","CALIBRATION","QUANTIFIED","United Kingdom","adults aged 18+","2024-03","all adults","518.5","minutes_per_day","513.4","523.7","ons_time_use_march_2024","calibration_evidence_by_point/02_reference_dataset/ons_time_use_march_2024.xlsx","24!A11:D11","published mean and 95% confidence interval","not_connected:life_initialization_is_hard_coded","This is sleeping only and must not be relabelled as sleep and rest; the population includes ages 65+."
"time_gaming_mean_march_2024","gaming_minutes","CALIBRATION","QUANTIFIED","United Kingdom","adults aged 18+","2024-03","all adults","16.8","minutes_per_day","13.5","20.0","ons_time_use_march_2024","calibration_evidence_by_point/02_reference_dataset/ons_time_use_march_2024.xlsx","24!A23:D23","published mean and 95% confidence interval","not_connected:life_initialization_is_hard_coded","Primary-activity diary time is unconditional and is not comparable to gamer-only telemetry."
"time_working_mean_march_2024","working_minutes","CALIBRATION","QUANTIFIED","United Kingdom","adults aged 18+","2024-03","all adults","133.2","minutes_per_day","125.2","141.2","ons_time_use_march_2024","calibration_evidence_by_point/02_reference_dataset/ons_time_use_march_2024.xlsx","24!A13:D13","published mean and 95% confidence interval","not_connected:life_initialization_is_hard_coded","Unconditional mean across adults; labour-force composition is not separately matched."
"time_working_from_home_mean_march_2024","working_from_home_minutes","CALIBRATION","QUANTIFIED","United Kingdom","adults aged 18+","2024-03","all adults","49.2","minutes_per_day","43.4","55.1","ons_time_use_march_2024","calibration_evidence_by_point/02_reference_dataset/ons_time_use_march_2024.xlsx","24!A16:D16","published mean and 95% confidence interval","not_connected:life_initialization_is_hard_coded","Unconditional mean across adults; this is a subset of work and must not be added to total working time."
"time_socialising_mean_march_2024","socialising_minutes","CALIBRATION","QUANTIFIED","United Kingdom","adults aged 18+","2024-03","all adults","30.8","minutes_per_day","27.0","34.5","ons_time_use_march_2024","calibration_evidence_by_point/02_reference_dataset/ons_time_use_march_2024.xlsx","24!A18:D18","published mean and 95% confidence interval","not_connected:life_initialization_is_hard_coded","Primary-activity diary time; simultaneous activities may not be captured."
"sleep_rest_age_18_24_march_2024","sleep_and_rest_minutes","CALIBRATION","QUANTIFIED","United Kingdom","adults aged 18-24","2024-03","age 18-24","577.9","minutes_per_day","545.9","609.8","ons_time_use_march_2024","calibration_evidence_by_point/02_reference_dataset/ons_time_use_march_2024.xlsx","7!AY11 and 7!FA11:FB11","published age-band mean and 95% confidence interval","not_connected:life_initialization_is_hard_coded","Sleep and rest is broader than sleeping."
"sleep_rest_age_25_34_march_2024","sleep_and_rest_minutes","CALIBRATION","QUANTIFIED","United Kingdom","adults aged 25-34","2024-03","age 25-34","564.2","minutes_per_day","545.9","582.5","ons_time_use_march_2024","calibration_evidence_by_point/02_reference_dataset/ons_time_use_march_2024.xlsx","7!AZ11 and 7!FC11:FD11","published age-band mean and 95% confidence interval","not_connected:life_initialization_is_hard_coded","Sleep and rest is broader than sleeping."
"sleep_rest_age_35_44_march_2024","sleep_and_rest_minutes","CALIBRATION","QUANTIFIED","United Kingdom","adults aged 35-44","2024-03","age 35-44","531.9","minutes_per_day","520.0","543.8","ons_time_use_march_2024","calibration_evidence_by_point/02_reference_dataset/ons_time_use_march_2024.xlsx","7!BA11 and 7!FE11:FF11","published age-band mean and 95% confidence interval","not_connected:life_initialization_is_hard_coded","Sleep and rest is broader than sleeping."
"sleep_rest_age_45_54_march_2024","sleep_and_rest_minutes","CALIBRATION","QUANTIFIED","United Kingdom","adults aged 45-54","2024-03","age 45-54","521.8","minutes_per_day","509.2","534.3","ons_time_use_march_2024","calibration_evidence_by_point/02_reference_dataset/ons_time_use_march_2024.xlsx","7!BB11 and 7!FG11:FH11","published age-band mean and 95% confidence interval","not_connected:life_initialization_is_hard_coded","Sleep and rest is broader than sleeping."
"sleep_rest_age_55_64_march_2024","sleep_and_rest_minutes","CALIBRATION","QUANTIFIED","United Kingdom","adults aged 55-64","2024-03","age 55-64","520.4","minutes_per_day","509.3","531.4","ons_time_use_march_2024","calibration_evidence_by_point/02_reference_dataset/ons_time_use_march_2024.xlsx","7!BC11 and 7!FI11:FJ11","published age-band mean and 95% confidence interval","not_connected:life_initialization_is_hard_coded","Sleep and rest is broader than sleeping."
"sleep_rest_weekday_march_2024","sleep_and_rest_minutes","DIAGNOSTIC","QUANTIFIED","United Kingdom","adults aged 18+","2024-03","weekday","524.0","minutes_per_day","","","ons_time_use_weekday_weekend_march_2024","calibration_evidence_by_point/02_reference_dataset/ons_time_use_weekday_weekend_march_2024.xlsx","Table 1!B5","published mean","not_connected:day_type_not_initialized","The workbook supplies no uncertainty interval for this table."
"sleep_rest_weekend_march_2024","sleep_and_rest_minutes","DIAGNOSTIC","QUANTIFIED","United Kingdom","adults aged 18+","2024-03","weekend","578.4","minutes_per_day","","","ons_time_use_weekday_weekend_march_2024","calibration_evidence_by_point/02_reference_dataset/ons_time_use_weekday_weekend_march_2024.xlsx","Table 1!B6","published mean","not_connected:day_type_not_initialized","The workbook supplies no uncertainty interval for this table."
"sleep_rest_average_march_2024","sleep_and_rest_minutes","DIAGNOSTIC","QUANTIFIED","United Kingdom","adults aged 18+","2024-03","all days","539.5","minutes_per_day","","","ons_time_use_weekday_weekend_march_2024","calibration_evidence_by_point/02_reference_dataset/ons_time_use_weekday_weekend_march_2024.xlsx","Table 1!B7","published mean","not_connected:day_type_not_initialized","Sleep and rest is broader than sleeping; the workbook supplies no interval."
"holdout_sleeping_mean_sep_oct_2023","sleeping_minutes","VALIDATION","QUANTIFIED","United Kingdom","adults aged 18+","2023-09-23/2023-10-01","all adults","522.8","minutes_per_day","517.3","528.2","ons_time_use_sep_oct_2023","calibration_evidence_by_point/02_reference_dataset/ons_time_use_sep-oct_2023_holdout.xlsx","20!A11:D11","published mean and 95% confidence interval","held_out:not_used_for_fit","The sheet title and cover identify September 2023, but the table header incorrectly says March 2023."
"holdout_gaming_mean_sep_oct_2023","gaming_minutes","VALIDATION","QUANTIFIED","United Kingdom","adults aged 18+","2023-09-23/2023-10-01","all adults","14.8","minutes_per_day","11.7","17.9","ons_time_use_sep_oct_2023","calibration_evidence_by_point/02_reference_dataset/ons_time_use_sep-oct_2023_holdout.xlsx","20!A26:D26","published mean and 95% confidence interval","held_out:not_used_for_fit","The sheet title and cover identify September 2023, but the table header incorrectly says March 2023."
"frs_income_under_200","gross_weekly_household_income_share","CALIBRATION","QUANTIFIED","United Kingdom","private households","2023-04/2024-03","under GBP 200","5","published_percent","","","dwp_frs_2023_24","calibration_evidence_by_point/02_reference_dataset/dwp_frs_2023-24_income_state_support.xlsx","2_6!C10","retain published rounded margin","not_connected:household_to_personal_income_bridge","Household gross income is not personal disposable gaming budget."
"frs_income_200_399","gross_weekly_household_income_share","CALIBRATION","QUANTIFIED","United Kingdom","private households","2023-04/2024-03","GBP 200 to under 400","14","published_percent","","","dwp_frs_2023_24","calibration_evidence_by_point/02_reference_dataset/dwp_frs_2023-24_income_state_support.xlsx","2_6!D10","retain published rounded margin","not_connected:household_to_personal_income_bridge","Household gross income is not personal disposable gaming budget."
"frs_income_400_599","gross_weekly_household_income_share","CALIBRATION","QUANTIFIED","United Kingdom","private households","2023-04/2024-03","GBP 400 to under 600","18","published_percent","","","dwp_frs_2023_24","calibration_evidence_by_point/02_reference_dataset/dwp_frs_2023-24_income_state_support.xlsx","2_6!E10","retain published rounded margin","not_connected:household_to_personal_income_bridge","Household gross income is not personal disposable gaming budget."
"frs_income_600_799","gross_weekly_household_income_share","CALIBRATION","QUANTIFIED","United Kingdom","private households","2023-04/2024-03","GBP 600 to under 800","14","published_percent","","","dwp_frs_2023_24","calibration_evidence_by_point/02_reference_dataset/dwp_frs_2023-24_income_state_support.xlsx","2_6!F10","retain published rounded margin","not_connected:household_to_personal_income_bridge","Household gross income is not personal disposable gaming budget."
"frs_income_800_999","gross_weekly_household_income_share","CALIBRATION","QUANTIFIED","United Kingdom","private households","2023-04/2024-03","GBP 800 to under 1000","11","published_percent","","","dwp_frs_2023_24","calibration_evidence_by_point/02_reference_dataset/dwp_frs_2023-24_income_state_support.xlsx","2_6!G10","retain published rounded margin","not_connected:household_to_personal_income_bridge","Household gross income is not personal disposable gaming budget."
"frs_income_1000_1199","gross_weekly_household_income_share","CALIBRATION","QUANTIFIED","United Kingdom","private households","2023-04/2024-03","GBP 1000 to under 1200","9","published_percent","","","dwp_frs_2023_24","calibration_evidence_by_point/02_reference_dataset/dwp_frs_2023-24_income_state_support.xlsx","2_6!H10","retain published rounded margin","not_connected:household_to_personal_income_bridge","Household gross income is not personal disposable gaming budget."
"frs_income_1200_1399","gross_weekly_household_income_share","CALIBRATION","QUANTIFIED","United Kingdom","private households","2023-04/2024-03","GBP 1200 to under 1400","7","published_percent","","","dwp_frs_2023_24","calibration_evidence_by_point/02_reference_dataset/dwp_frs_2023-24_income_state_support.xlsx","2_6!I10","retain published rounded margin","not_connected:household_to_personal_income_bridge","Household gross income is not personal disposable gaming budget."
"frs_income_1400_1599","gross_weekly_household_income_share","CALIBRATION","QUANTIFIED","United Kingdom","private households","2023-04/2024-03","GBP 1400 to under 1600","5","published_percent","","","dwp_frs_2023_24","calibration_evidence_by_point/02_reference_dataset/dwp_frs_2023-24_income_state_support.xlsx","2_6!J10","retain published rounded margin","not_connected:household_to_personal_income_bridge","Household gross income is not personal disposable gaming budget."
"frs_income_1600_1799","gross_weekly_household_income_share","CALIBRATION","QUANTIFIED","United Kingdom","private households","2023-04/2024-03","GBP 1600 to under 1800","4","published_percent","","","dwp_frs_2023_24","calibration_evidence_by_point/02_reference_dataset/dwp_frs_2023-24_income_state_support.xlsx","2_6!K10","retain published rounded margin","not_connected:household_to_personal_income_bridge","Household gross income is not personal disposable gaming budget."
"frs_income_1800_1999","gross_weekly_household_income_share","CALIBRATION","QUANTIFIED","United Kingdom","private households","2023-04/2024-03","GBP 1800 to under 2000","3","published_percent","","","dwp_frs_2023_24","calibration_evidence_by_point/02_reference_dataset/dwp_frs_2023-24_income_state_support.xlsx","2_6!L10","retain published rounded margin","not_connected:household_to_personal_income_bridge","Household gross income is not personal disposable gaming budget."
"frs_income_2000_plus","gross_weekly_household_income_share","CALIBRATION","QUANTIFIED","United Kingdom","private households","2023-04/2024-03","GBP 2000 or more","11","published_percent","","","dwp_frs_2023_24","calibration_evidence_by_point/02_reference_dataset/dwp_frs_2023-24_income_state_support.xlsx","2_6!M10","retain published rounded margin","not_connected:household_to_personal_income_bridge","Household gross income is not personal disposable gaming budget."
"frs_income_published_sum","gross_weekly_household_income_share_sum","DIAGNOSTIC","QUANTIFIED","United Kingdom","private households","2023-04/2024-03","all published bands","101","published_percent","","","dwp_frs_2023_24","calibration_evidence_by_point/02_reference_dataset/dwp_frs_2023-24_income_state_support.xlsx","2_6!C10:M10","sum published integer percentages without normalization","audit_only","The 101 percent total is a published rounding artefact and is deliberately retained."
"frs_household_sample_size","survey_sample_size","DIAGNOSTIC","QUANTIFIED","United Kingdom","private households","2023-04/2024-03","usable households","16754","households","","","dwp_frs_2023_24","calibration_evidence_by_point/02_reference_dataset/dwp_frs_2023-24_income_state_support.xlsx","2_6!N10","published sample size","audit_only","The survey excludes people outside private households."
"lcf_recreation_decile_1","recreation_culture_expenditure","DIAGNOSTIC","PROXY","United Kingdom","private households","2023-04/2024-03","equivalised income decile 1","31.1","gbp_per_week","","","ons_family_spending_fye_2024","calibration_evidence_by_point/02_reference_dataset/ons_family_spending_fye_2024_corrected.xlsx","3.1!row Recreation & culture; decile 1","published household mean","not_connected:proxy_only","The category is much broader than games and cannot identify microtransaction affordability."
"lcf_recreation_decile_2","recreation_culture_expenditure","DIAGNOSTIC","PROXY","United Kingdom","private households","2023-04/2024-03","equivalised income decile 2","31.0","gbp_per_week","","","ons_family_spending_fye_2024","calibration_evidence_by_point/02_reference_dataset/ons_family_spending_fye_2024_corrected.xlsx","3.1!row Recreation & culture; decile 2","published household mean","not_connected:proxy_only","The category is much broader than games and cannot identify microtransaction affordability."
"lcf_recreation_decile_3","recreation_culture_expenditure","DIAGNOSTIC","PROXY","United Kingdom","private households","2023-04/2024-03","equivalised income decile 3","38.7","gbp_per_week","","","ons_family_spending_fye_2024","calibration_evidence_by_point/02_reference_dataset/ons_family_spending_fye_2024_corrected.xlsx","3.1!row Recreation & culture; decile 3","published household mean","not_connected:proxy_only","The category is much broader than games and cannot identify microtransaction affordability."
"lcf_recreation_decile_4","recreation_culture_expenditure","DIAGNOSTIC","PROXY","United Kingdom","private households","2023-04/2024-03","equivalised income decile 4","53.3","gbp_per_week","","","ons_family_spending_fye_2024","calibration_evidence_by_point/02_reference_dataset/ons_family_spending_fye_2024_corrected.xlsx","3.1!row Recreation & culture; decile 4","published household mean","not_connected:proxy_only","The category is much broader than games and cannot identify microtransaction affordability."
"lcf_recreation_decile_5","recreation_culture_expenditure","DIAGNOSTIC","PROXY","United Kingdom","private households","2023-04/2024-03","equivalised income decile 5","62.6","gbp_per_week","","","ons_family_spending_fye_2024","calibration_evidence_by_point/02_reference_dataset/ons_family_spending_fye_2024_corrected.xlsx","3.1!row Recreation & culture; decile 5","published household mean","not_connected:proxy_only","The category is much broader than games and cannot identify microtransaction affordability."
"lcf_recreation_decile_6","recreation_culture_expenditure","DIAGNOSTIC","PROXY","United Kingdom","private households","2023-04/2024-03","equivalised income decile 6","69.2","gbp_per_week","","","ons_family_spending_fye_2024","calibration_evidence_by_point/02_reference_dataset/ons_family_spending_fye_2024_corrected.xlsx","3.1!row Recreation & culture; decile 6","published household mean","not_connected:proxy_only","The category is much broader than games and cannot identify microtransaction affordability."
"lcf_recreation_decile_7","recreation_culture_expenditure","DIAGNOSTIC","PROXY","United Kingdom","private households","2023-04/2024-03","equivalised income decile 7","73.3","gbp_per_week","","","ons_family_spending_fye_2024","calibration_evidence_by_point/02_reference_dataset/ons_family_spending_fye_2024_corrected.xlsx","3.1!row Recreation & culture; decile 7","published household mean","not_connected:proxy_only","The category is much broader than games and cannot identify microtransaction affordability."
"lcf_recreation_decile_8","recreation_culture_expenditure","DIAGNOSTIC","PROXY","United Kingdom","private households","2023-04/2024-03","equivalised income decile 8","92.3","gbp_per_week","","","ons_family_spending_fye_2024","calibration_evidence_by_point/02_reference_dataset/ons_family_spending_fye_2024_corrected.xlsx","3.1!row Recreation & culture; decile 8","published household mean","not_connected:proxy_only","The category is much broader than games and cannot identify microtransaction affordability."
"lcf_recreation_decile_9","recreation_culture_expenditure","DIAGNOSTIC","PROXY","United Kingdom","private households","2023-04/2024-03","equivalised income decile 9","99.1","gbp_per_week","","","ons_family_spending_fye_2024","calibration_evidence_by_point/02_reference_dataset/ons_family_spending_fye_2024_corrected.xlsx","3.1!row Recreation & culture; decile 9","published household mean","not_connected:proxy_only","The category is much broader than games and cannot identify microtransaction affordability."
"lcf_recreation_decile_10","recreation_culture_expenditure","DIAGNOSTIC","PROXY","United Kingdom","private households","2023-04/2024-03","equivalised income decile 10","177.8","gbp_per_week","","","ons_family_spending_fye_2024","calibration_evidence_by_point/02_reference_dataset/ons_family_spending_fye_2024_corrected.xlsx","3.1!row Recreation & culture; decile 10","published household mean","not_connected:proxy_only","The category is much broader than games and cannot identify microtransaction affordability."
"lcf_recreation_all_households","recreation_culture_expenditure","DIAGNOSTIC","PROXY","United Kingdom","private households","2023-04/2024-03","all households","72.8","gbp_per_week","","","ons_family_spending_fye_2024","calibration_evidence_by_point/02_reference_dataset/ons_family_spending_fye_2024_corrected.xlsx","3.1!row Recreation & culture; all households","published household mean","not_connected:proxy_only","The category is much broader than games and cannot identify microtransaction affordability."
"lcf_software_games_all_households","computer_software_games_expenditure","DIAGNOSTIC","PROXY","United Kingdom","private households","2023-04/2024-03","all households","0.70","gbp_per_week","","","ons_family_spending_fye_2024","calibration_evidence_by_point/02_reference_dataset/ons_family_spending_fye_2024_corrected.xlsx","3.1!row Computer software and games; all households","published household mean","not_connected:proxy_only","This does not isolate microtransactions; most decile estimates are suppressed or marked low reliability."
"ashe_employee_jobs","employee_job_count","DIAGNOSTIC","PROXY","United Kingdom","employee jobs","2024-04","all employee jobs","28210","thousand_jobs","","","ons_ashe_2024_revised","calibration_evidence_by_point/03_parameter_calibration/ons_ashe_region_age_2024_revised.zip","Work Region Age Table WGOR Age.5a; All!C6","published estimate","not_connected:opportunity_cost_scenario_only","Employee jobs are not persons."
"ashe_hourly_pay_p10","gross_hourly_pay","DIAGNOSTIC","PROXY","United Kingdom","employee jobs","2024-04","10th percentile","11.64","gbp_per_hour","","","ons_ashe_2024_revised","calibration_evidence_by_point/03_parameter_calibration/ons_ashe_region_age_2024_revised.zip","Work Region Age Table WGOR Age.5a; All!H6","published estimate","not_connected:opportunity_cost_scenario_only","A wage is not the welfare value of leisure or sleep."
"ashe_hourly_pay_median","gross_hourly_pay","DIAGNOSTIC","PROXY","United Kingdom","employee jobs","2024-04","median","17.09","gbp_per_hour","","","ons_ashe_2024_revised","calibration_evidence_by_point/03_parameter_calibration/ons_ashe_region_age_2024_revised.zip","Work Region Age Table WGOR Age.5a; All!D6","published estimate","not_connected:opportunity_cost_scenario_only","A wage is not the welfare value of leisure or sleep."
"ashe_hourly_pay_mean","gross_hourly_pay","DIAGNOSTIC","PROXY","United Kingdom","employee jobs","2024-04","mean","21.65","gbp_per_hour","","","ons_ashe_2024_revised","calibration_evidence_by_point/03_parameter_calibration/ons_ashe_region_age_2024_revised.zip","Work Region Age Table WGOR Age.5a; All!F6","published estimate","not_connected:opportunity_cost_scenario_only","A wage is not the welfare value of leisure or sleep."
"ashe_hourly_pay_p90","gross_hourly_pay","DIAGNOSTIC","PROXY","United Kingdom","employee jobs","2024-04","90th percentile","34.75","gbp_per_hour","","","ons_ashe_2024_revised","calibration_evidence_by_point/03_parameter_calibration/ons_ashe_region_age_2024_revised.zip","Work Region Age Table WGOR Age.5a; All!Q6","published estimate","not_connected:opportunity_cost_scenario_only","A wage is not the welfare value of leisure or sleep."
"open_play_uk_18_40_participants","conditional_sample_size","DIAGNOSTIC","QUANTIFIED","United Kingdom","qualified Open Play participants aged 18-40","Open Play v1.2.5 collection window","all selected participants","932","persons","","","open_play_v1_2_5","open-play-v1.2.5.zip","data/clean/survey_intake.csv.gz","filter qualified=TRUE country=UK and age 18-40","excluded:nonrepresentative_diagnostic","The convenience sample is young and male-heavy and is not a UK prevalence sample."
"open_play_uk_18_40_man_share","conditional_sample_composition","DIAGNOSTIC","QUANTIFIED","United Kingdom","qualified Open Play participants aged 18-40","Open Play v1.2.5 collection window","gender label Man","70.1716738197","percent","","","open_play_v1_2_5","open-play-v1.2.5.zip","data/clean/survey_intake.csv.gz","654 divided by 932 selected participants times 100","excluded:nonrepresentative_diagnostic","Gender categories are self-described and must not be collapsed into the ONS binary sex margin."
"open_play_weekly_play_mean","self_reported_weekly_play","DIAGNOSTIC","QUANTIFIED","United Kingdom","qualified Open Play participants aged 18-40 with valid intake response","Open Play v1.2.5 collection window","mean n=849","1048.9328621908","minutes_per_week","","","open_play_v1_2_5","open-play-v1.2.5.zip","data/clean/survey_intake.csv.gz:self_reported_weekly_play","filter at source-defined 50-hour upper limit then arithmetic mean","excluded:nonrepresentative_diagnostic","The mean is about 2.52 times the Ofcom gamer-only mean and cannot calibrate population play level."
"open_play_weekly_play_median","self_reported_weekly_play","DIAGNOSTIC","QUANTIFIED","United Kingdom","qualified Open Play participants aged 18-40 with valid intake response","Open Play v1.2.5 collection window","median n=849","900","minutes_per_week","","","open_play_v1_2_5","open-play-v1.2.5.zip","data/clean/survey_intake.csv.gz:self_reported_weekly_play","filter at source-defined 50-hour upper limit then median","excluded:nonrepresentative_diagnostic","The convenience sample is not population representative."
"open_play_steam_record_median","platform_record_duration","DIAGNOSTIC","QUANTIFIED","United Kingdom","qualified Open Play participants aged 18-40 with Steam records","Open Play v1.2.5 collection window","median across 296707 records from 831 participants","39.0","minutes","","","open_play_v1_2_5","open-play-v1.2.5.zip","data/clean/steam.csv.gz:minutes","median of non-missing selected records","not_connected:conditional_shape_only","Steam records are approximate sessions and repeated observations are not independent."
"open_play_steam_record_p90","platform_record_duration","DIAGNOSTIC","QUANTIFIED","United Kingdom","qualified Open Play participants aged 18-40 with Steam records","Open Play v1.2.5 collection window","90th percentile across 296707 records from 831 participants","62.0","minutes","","","open_play_v1_2_5","open-play-v1.2.5.zip","data/clean/steam.csv.gz:minutes","linear empirical 90th percentile","not_connected:conditional_shape_only","Steam records are approximate sessions and repeated observations are not independent."
"open_play_nintendo_record_median","platform_record_duration","DIAGNOSTIC","QUANTIFIED","United Kingdom","qualified Open Play participants aged 18-40 with Nintendo records","Open Play v1.2.5 collection window","median across 82186 records from 261 participants","27.375","minutes","","","open_play_v1_2_5","open-play-v1.2.5.zip","data/clean/nintendo.csv.gz:duration","median of non-missing selected records","not_connected:conditional_shape_only","Repeated observations are not independent and the sample is not representative."
"open_play_nintendo_record_p90","platform_record_duration","DIAGNOSTIC","QUANTIFIED","United Kingdom","qualified Open Play participants aged 18-40 with Nintendo records","Open Play v1.2.5 collection window","90th percentile across 82186 records from 261 participants","100.325","minutes","","","open_play_v1_2_5","open-play-v1.2.5.zip","data/clean/nintendo.csv.gz:duration","linear empirical 90th percentile","not_connected:conditional_shape_only","Repeated observations are not independent and the sample is not representative."
"open_play_xbox_participants","conditional_platform_coverage","DIAGNOSTIC","QUANTIFIED","United Kingdom","qualified Open Play participants aged 18-40","Open Play v1.2.5 collection window","Xbox telemetry","0","persons","","","open_play_v1_2_5","open-play-v1.2.5.zip","data/clean/xbox.csv.gz","count distinct selected participant identifiers","audit_only","No selected UK participant has Xbox telemetry, so no UK Xbox shape target is available."
"open_play_gdt_first_complete_mean","gaming_disorder_test_sum","DIAGNOSTIC","QUANTIFIED","United Kingdom","qualified Open Play participants aged 18-40 with complete GDT","Open Play v1.2.5 collection window","first complete response n=694","8.7161383285","score_4_to_20","","","open_play_v1_2_5","open-play-v1.2.5.zip","data/clean/survey_biweekly.csv.gz:gdt_1:gdt_4","map Never=1 through Very often=5; sum four items; retain first complete response","excluded:conditional_risk_diagnostic","This is a screening severity measure in a nonrepresentative sample, not UK adult prevalence or diagnosis."
"open_play_psqi_first_complete_sleep_mean","self_reported_sleep_duration","DIAGNOSTIC","QUANTIFIED","United Kingdom","qualified Open Play participants aged 18-40 with complete PSQI duration","Open Play v1.2.5 collection window","first complete response n=518","429.8301158301","minutes_per_day","","","open_play_v1_2_5","open-play-v1.2.5.zip","data/clean/survey_biweekly.csv.gz:psqi_sleepdur_hours/minutes","combine hours and minutes; retain first complete response","excluded:conditional_sleep_diagnostic","Self-reported PSQI duration is not directly comparable with ONS sleep-and-rest diary time."
"open_play_uk_timeuse_rows_excluded","source_provenance_anomaly","DIAGNOSTIC","QUANTIFIED","United Kingdom","qualified Open Play participants aged 18-40","Open Play v1.2.5 collection window","rows linked to three UK participant identifiers","43","rows","","","open_play_v1_2_5","open-play-v1.2.5.zip","data/clean/timeuse.csv.gz","count rows after selected-identifier join","excluded:pending_provenance_resolution","The manuscript describes time-use diaries as US-only; these rows are excluded until provenance is resolved."
"ofcom_gamer_weekly_play_mean","gamer_reported_weekly_play","VALIDATION","QUANTIFIED","United Kingdom","gamers aged 16-64","2024-Q2","all gamers","417","minutes_per_week","","","ofcom_online_nation_2024","online-nation-2024-report.pdf","page 67; Ampere Games Consumer Q2 2024","convert 6 hours 57 minutes to minutes","held_out:external_validation_only","Third-party Ampere self-report with no uncertainty; age range differs from the 18-64 baseline."
"ofcom_male_gamer_weekly_play_mean","gamer_reported_weekly_play","VALIDATION","QUANTIFIED","United Kingdom","male gamers aged 16-64","2024-Q2","male gamers","484","minutes_per_week","","","ofcom_online_nation_2024","online-nation-2024-report.pdf","page 67; Ampere Games Consumer Q2 2024","convert 8 hours 4 minutes to minutes","held_out:external_validation_only","Third-party Ampere self-report with no uncertainty; gender is not the ONS sex variable."
"ofcom_female_gamer_weekly_play_mean","gamer_reported_weekly_play","VALIDATION","QUANTIFIED","United Kingdom","female gamers aged 16-64","2024-Q2","female gamers","351","minutes_per_week","","","ofcom_online_nation_2024","online-nation-2024-report.pdf","page 67; Ampere Games Consumer Q2 2024","convert 5 hours 51 minutes to minutes","held_out:external_validation_only","Third-party Ampere self-report with no uncertainty; gender is not the ONS sex variable."
"ecb_gbp_per_eur_2024","nominal_exchange_rate","CALIBRATION","QUANTIFIED","Euro area reference","annual average market reference rate","2024","GBP per EUR","0.8466166015625","gbp_per_eur","","","ecb_eur_fx_2024","calibration_evidence_by_point/06_monetary_fx_ppp/ecb_eur_fx_2024_existing_bundle/artifacts/ecb_exr_annual_2024.csv","EXR.A.GBP.EUR.SP00.A","retain ECB quote orientation","already_bound:inputs/monetary/ecb-eur-fx-2024-v1","GBP to EUR requires inversion; nominal FX is not PPP."
"cpih_overall_nov_2024","cpih_overall_index","DIAGNOSTIC","QUANTIFIED","United Kingdom","consumer prices including owner occupiers housing costs","2024-11","overall index","134.6","index_2015_100","","","ons_cpih_v53","calibration_evidence_by_point/06_monetary_fx_ppp/ons_cpih_version_53_dec_2024.csv","CP00 Overall Index; Nov-24","retain published index","not_connected:temporal_price_transform","Version 53 stops at November 2024 and is not a complete 2024 annual average."
"cpih_overall_nov_2023","cpih_overall_index","DIAGNOSTIC","QUANTIFIED","United Kingdom","consumer prices including owner occupiers housing costs","2023-11","overall index","130.0","index_2015_100","","","ons_cpih_v53","calibration_evidence_by_point/06_monetary_fx_ppp/ons_cpih_version_53_dec_2024.csv","CP00 Overall Index; Nov-23","retain published index","not_connected:temporal_price_transform","This is a comparison month, not a full annual average."
"cpih_november_year_change","cpih_price_change","DIAGNOSTIC","QUANTIFIED","United Kingdom","consumer prices including owner occupiers housing costs","2023-11/2024-11","overall index","3.5384615385","percent","","","ons_cpih_v53","calibration_evidence_by_point/06_monetary_fx_ppp/ons_cpih_version_53_dec_2024.csv","CP00 Overall Index; Nov-23 and Nov-24","(134.6 / 130.0 - 1) * 100","not_connected:temporal_price_transform","No uncertainty is supplied and this is a November-to-November change."
"world_bank_private_consumption_ppp_gbr_2024","private_consumption_ppp","DIAGNOSTIC","QUANTIFIED","United Kingdom","national economy","2024","GBR","0.682739","gbp_per_international_dollar","","","world_bank_private_consumption_ppp_2024","calibration_evidence_by_point/06_monetary_fx_ppp/world_bank_ppp_private_consumption_2024.json","PA.NUS.PRVT.PP GBR 2024","retain API observation","not_connected:cross_country_diagnostic","PPP must not be multiplied with nominal FX without an explicit unit definition."
"world_bank_gdp_ppp_gbr_2024","gdp_ppp","DIAGNOSTIC","QUANTIFIED","United Kingdom","national economy","2024","GBR","0.664153","gbp_per_international_dollar","","","world_bank_gdp_ppp_2024","calibration_evidence_by_point/06_monetary_fx_ppp/world_bank_ppp_gdp_2024.json","PA.NUS.PPP GBR 2024","retain API observation","not_connected:cross_country_diagnostic","GDP PPP is not the preferred conversion for household consumption."
"world_bank_official_fx_gbr_2024","official_exchange_rate","DIAGNOSTIC","QUANTIFIED","United Kingdom","national economy","2024","GBR","0.782414580986262","gbp_per_usd","","","world_bank_official_fx_2024","calibration_evidence_by_point/06_monetary_fx_ppp/world_bank_official_exchange_rate_2024.json","PA.NUS.FCRF GBR 2024","retain API observation","not_connected:cross_country_diagnostic","Official USD FX does not establish simulator-unit monetary meaning."
"decision_temperature_unquantified","decision.temperature","DIAGNOSTIC","UNQUANTIFIED","United Kingdom","adults aged 18-64","2024 baseline","global eight-action choice temperature","","dimensionless","","","calibration_evidence_index","CALIBRATION_EVIDENCE_INDEX.md","Coverage matrix and residual gaps","no identifying choice-set evidence","unquantified:retain_existing_sensitivity_only","MNL identifies coefficients relative to scale; the proposed purchase DCE does not match the simulator's global eight-action temperature."
"planned_unplanned_spending_unquantified","planned_unplanned_spending","DIAGNOSTIC","UNQUANTIFIED","United Kingdom","adult players","2024 baseline","planned versus unplanned share","","share","","","calibration_evidence_index","CALIBRATION_EVIDENCE_INDEX.md","Coverage matrix and residual gaps","no prospective intention data","unquantified:disable_empirical_claim","LCF budget envelopes do not reveal subjective spending intention; the proposed algebraic fallback is not identifying."
"uk_adult_high_risk_prevalence_unquantified","uk_adult_high_risk_prevalence","DIAGNOSTIC","UNQUANTIFIED","United Kingdom","adults aged 18-64","2024 baseline","gaming-related impairment prevalence","","proportion","","","calibration_evidence_index","CALIBRATION_EVIDENCE_INDEX.md","Coverage matrix and point 5","no representative same-person spend and impairment source","unquantified:disable_prevalence_claim","Open Play GDT is conditional and nonrepresentative; PGSI is a gambling screen rather than a gaming diagnosis."
"simulation_cent_monetary_bridge_unquantified","simulation_cent_monetary_bridge","DIAGNOSTIC","UNQUANTIFIED","United Kingdom","simulated players","2024 baseline","simulation cents to GBP","","gbp_per_simulation_cent","","","calibration_evidence_index","CALIBRATION_EVIDENCE_INDEX.md","Coverage matrix and point 6","no observed transaction bridge","unquantified:disable_real_money_harm_claim","FX CPIH and PPP cannot identify the mapping from internal simulation cents to real spending."
"composite_harm_weights_normative","composite_harm_weights","DIAGNOSTIC","NORMATIVE","Not geography-specific","simulated outcomes","current model","harm component weight vector","","weight_vector","","","calibration_evidence_index","CALIBRATION_EVIDENCE_INDEX.md","Coverage matrix and point 9","normative model choice","normative:report_components_and_weight_sensitivity","The collected evidence does not identify a uniquely correct composite-harm weight vector."
